Random Seed,p_off_off,p_off_on,p_on_off,p_on_on,pi0_on,pi0_off,mu_off,mu_on,noise,logL
30196301.0,0.8634949899093811,0.13650501009061944,0.19215744996311665,0.8078425500368828,1.0000000000000586,0.0,188.3800976623892,7995.229606868914,4599.892507906416,-102310.85065505221
