Random Seed,p_off_off,p_off_on,p_on_off,p_on_on,pi0_on,pi0_off,mu_off,mu_on,noise,logL
965952319.0,0.0,1.0,0.0142618815605287,0.9857381184394715,0.9999999999999876,0.0,1155.7428162403614,3451.0766111294893,13438.560564577976,-109256.77543556907
