Random Seed,p_off_off,p_off_on,p_on_off,p_on_on,pi0_on,pi0_off,mu_off,mu_on,noise,logL
158781061.0,0.0,1.0,0.07636100630028744,0.9236389936997127,1.000000000000072,0.0,18437.34814772902,2108.906815192665,16208.640351781463,-112121.70873797625
