Random Seed,p_off_off,p_off_on,p_on_off,p_on_on,pi0_on,pi0_off,mu_off,mu_on,noise,logL
436012667.0,0.8635251184031826,0.13647488159681676,0.19211426093534723,0.8078857390646533,0.99999999999996,0.0,188.54713565378364,7995.024040063055,4600.167314199011,-102310.85326566073
