Random Seed,p_off_off,p_off_on,p_on_off,p_on_on,pi0_on,pi0_off,mu_off,mu_on,noise,logL
552126076.0,0.7640503343946173,0.2359496656053822,1.0,0.0,1.0000000000000497,0.0,444.4991987616502,15724.315665712087,5304.779738259312,-103794.56407868977
