Random Seed,p_off_off,p_off_on,p_on_off,p_on_on,pi0_on,pi0_off,mu_off,mu_on,noise,logL
259195180.0,0.8635444894420451,0.13645551055795535,0.19200429492103777,0.8079957050789615,1.000000000000087,0.0,188.22749035051646,7993.70997397732,4600.42824298141,-102310.86546876296
