Random Seed,p_off_off,p_off_on,p_on_off,p_on_on,pi0_on,pi0_off,mu_off,mu_on,noise,logL
840153263.0,0.863649609743304,0.13635039025669599,0.19176391242698734,0.8082360875730127,0.9999999999999032,0.0,188.13755590511164,7991.9032285643925,4601.014910635121,-102309.77421024849
