Random Seed,p_off_off,p_off_on,p_on_off,p_on_on,pi0_on,pi0_off,mu_off,mu_on,noise,logL
678223964.0,0.8639207514160517,0.13607924858394896,0.1912488079832878,0.8087511920167119,1.0000000000000249,0.0,188.3597594805006,7988.946272325358,4601.553653444726,-102305.61059362069
