Random Seed,p_off_off,p_off_on,p_on_off,p_on_on,pi0_on,pi0_off,mu_off,mu_on,noise,logL
847682616.0,0.8635671712158852,0.13643282878411445,0.19195918601446155,0.8080408139855386,0.9999999999999636,0.0,188.28631773720448,7993.366929734748,4600.753834308998,-102310.79408905694
