Random Seed,p_off_off,p_off_on,p_on_off,p_on_on,pi0_on,pi0_off,mu_off,mu_on,noise,logL
712758904.0,0.0,1.0,0.07659365801086826,0.9234063419891317,1.0000000000001164,0.0,18440.42694612854,2105.1515610561855,16206.156077439371,-112123.65463238407
