Random Seed,p_off_off,p_off_on,p_on_off,p_on_on,pi0_on,pi0_off,mu_off,mu_on,noise,logL
670708825.0,0.7678056401011145,0.23219435989888465,1.0,0.0,0.9999999999999698,0.0,467.63124583601575,15823.35854205529,5322.630629476924,-103799.44890537253
