Random Seed,p_off_off,p_off_on,p_on_off,p_on_on,pi0_on,pi0_off,mu_off,mu_on,noise,logL
338643364.0,0.863537405318239,0.1364625946817616,0.19201603733059414,0.8079839626694061,1.0000000000001066,0.0,188.197710840585,7993.781442979713,4600.3704316178955,-102310.8598041168
