Random Seed,p_off_off,p_off_on,p_on_off,p_on_on,pi0_on,pi0_off,mu_off,mu_on,noise,logL
266776027.0,0.863613737611946,0.1363862623880537,0.1918099208180936,0.8081900791819071,1.000000000000063,0.0,187.89651095535132,7992.087966397886,4600.6297251847345,-102309.84683383963
