Random Seed,p_off_off,p_off_on,p_on_off,p_on_on,pi0_on,pi0_off,mu_off,mu_on,noise,logL
626269705.0,0.8633850292405366,0.1366149707594629,0.19306538885600366,0.8069346111439966,0.9999999999998845,0.0,191.44874198521492,8007.243664453037,4596.508030197773,-102310.29438490383
