Random Seed,p_off_off,p_off_on,p_on_off,p_on_on,pi0_on,pi0_off,mu_off,mu_on,noise,logL
9873269.0,0.8635614971923703,0.13643850280762956,0.1919861558849319,0.8080138441150688,1.0,0.0,188.35794232403018,7993.677705969897,4600.608686866997,-102310.83185484126
