Random Seed,p_off_off,p_off_on,p_on_off,p_on_on,pi0_on,pi0_off,mu_off,mu_on,noise,logL
670670931.0,0.8635914188414221,0.13640858115857873,0.19201533101278073,0.8079846689872187,0.9999999999999973,0.0,188.873335479828,7994.526429569589,4600.577612221758,-102310.8684676915
