Random Seed,p_off_off,p_off_on,p_on_off,p_on_on,pi0_on,pi0_off,mu_off,mu_on,noise,logL
188898211.0,0.8635831689275864,0.13641683107241306,0.19199414227320902,0.8080058577267916,1.000000000000016,0.0,188.6779691352731,7994.0790996414435,4600.682086043881,-102310.8313386804
