Random Seed,p_off_off,p_off_on,p_on_off,p_on_on,pi0_on,pi0_off,mu_off,mu_on,noise,logL
261518528.0,0.7640626417492477,0.23593735825075152,1.0,0.0,0.9999999999999973,0.0,444.57346667307615,15724.637349133074,5304.825829567326,-103794.563761217
