Random Seed,p_off_off,p_off_on,p_on_off,p_on_on,pi0_on,pi0_off,mu_off,mu_on,noise,logL
258801788.0,0.0,1.0,0.01617275943518745,0.983827240564812,0.9999999999998606,0.0,4350.438217392373,3531.7758608370996,13187.449266919157,-109107.0666166957
