Random Seed,p_off_off,p_off_on,p_on_off,p_on_on,pi0_on,pi0_off,mu_off,mu_on,noise,logL
935532845.0,0.7643794714296006,0.2356205285703992,1.0,0.0,1.0000000000000524,0.0,446.6466490722865,15732.433071318792,5305.293248094611,-103793.30637315265
