Random Seed,p_off_off,p_off_on,p_on_off,p_on_on,pi0_on,pi0_off,mu_off,mu_on,noise,logL
116859843.0,0.8635784427005575,0.13642155729944222,0.1919707721731144,0.8080292278268852,0.9999999999999627,0.0,188.49633429799965,7993.68444983354,4600.724726606133,-102310.84010817262
