Random Seed,p_off_off,p_off_on,p_on_off,p_on_on,pi0_on,pi0_off,mu_off,mu_on,noise,logL
190968627.0,0.8636908558223745,0.13630914417762557,0.19170982618454604,0.8082901738154532,0.9999999999999458,0.0,187.99580181012567,7992.299716122723,4600.694456537784,-102309.09823397311
