Random Seed,p_off_off,p_off_on,p_on_off,p_on_on,pi0_on,pi0_off,mu_off,mu_on,noise,logL
918442316.0,0.86370683783496,0.13629316216504014,0.1918796109790929,0.8081203890209079,0.9999999999999956,0.0,189.26638112965585,7994.731759828319,4600.854465833663,-102310.11274647429
