Random Seed,p_off_off,p_off_on,p_on_off,p_on_on,pi0_on,pi0_off,mu_off,mu_on,noise,logL
787642769.0,0.8635899625368106,0.1364100374631892,0.19217603892615093,0.8078239610738488,0.9999999999999387,0.0,189.67283334195835,7996.79954968587,4600.243580683065,-102311.26472423709
