Random Seed,p_off_off,p_off_on,p_on_off,p_on_on,pi0_on,pi0_off,mu_off,mu_on,noise,logL
388478861.0,0.8633941555698217,0.13660584443017884,0.19314871238080794,0.8068512876191918,1.0000000000000453,0.0,192.12628390527328,8008.387025732242,4596.754108757704,-102311.19122940191
