Random Seed,p_off_off,p_off_on,p_on_off,p_on_on,pi0_on,pi0_off,mu_off,mu_on,noise,logL
977903770.0,0.8636434904124622,0.13635650958753795,0.1923429630854599,0.8076570369145396,0.9999999999999778,0.0,190.99173514472878,8000.259906565572,4599.7640848216915,-102310.4242321244
