Random Seed,p_off_off,p_off_on,p_on_off,p_on_on,pi0_on,pi0_off,mu_off,mu_on,noise,logL
924190751.0,0.8634726745817763,0.1365273254182238,0.19214818703324354,0.807851812966756,1.0000000000000027,0.0,188.03129776058523,7994.82174582936,4599.77817663302,-102310.8870820399
