Random Seed,p_off_off,p_off_on,p_on_off,p_on_on,pi0_on,pi0_off,mu_off,mu_on,noise,logL
30821875.0,0.8635104095550985,0.13648959044490144,0.19215215640113012,0.8078478435988707,0.999999999999865,0.0,188.56397379741546,7995.350797994918,4600.019805797726,-102310.80413404363
