Random Seed,p_off_off,p_off_on,p_on_off,p_on_on,pi0_on,pi0_off,mu_off,mu_on,noise,logL
915246964.0,0.8635658474393704,0.1364341525606296,0.19199905729927844,0.8080009427007211,0.9999999999999449,0.0,188.4816573410569,7993.91750031051,4600.593278306048,-102310.82728238264
