Random Seed,p_off_off,p_off_on,p_on_off,p_on_on,pi0_on,pi0_off,mu_off,mu_on,noise,logL
285372107.0,0.863658176101635,0.13634182389836458,0.19176935093257796,0.808230649067422,0.9999999999999458,0.0,188.27592244730198,7992.092891194008,4601.035656059202,-102309.77269134241
