Random Seed,p_off_off,p_off_on,p_on_off,p_on_on,pi0_on,pi0_off,mu_off,mu_on,noise,logL
295373522.0,0.0,1.0,0.014022769931939103,0.9859772300680602,1.0000000000001013,0.0,712.5265578592804,3412.0266641288417,13571.26213083027,-109358.07099471637
