Random Seed,p_off_off,p_off_on,p_on_off,p_on_on,pi0_on,pi0_off,mu_off,mu_on,noise,logL
300547045.0,0.8635859450060165,0.13641405499398368,0.19197852751398686,0.8080214724860136,0.9999999999999769,0.0,188.63189716132408,7993.895800643964,4600.735260855272,-102310.83725240882
