Random Seed,p_off_off,p_off_on,p_on_off,p_on_on,pi0_on,pi0_off,mu_off,mu_on,noise,logL
47829685.0,0.8639549223451521,0.1360450776548477,0.19119204478072335,0.8088079552192762,0.9999999999999467,0.0,188.34940655294935,7988.739274236157,4601.753386311777,-102305.92863011696
