Random Seed,p_off_off,p_off_on,p_on_off,p_on_on,pi0_on,pi0_off,mu_off,mu_on,noise,logL
78311517.0,0.863545154072338,0.136454845927662,0.1920103914118198,0.80798960858818,1.0000000000000497,0.0,188.26828168094485,7993.8043803922055,4600.4166538378,-102310.86300870884
