Random Seed,p_off_off,p_off_on,p_on_off,p_on_on,pi0_on,pi0_off,mu_off,mu_on,noise,logL
286833003.0,0.8635935262781425,0.13640647372185738,0.19201816882356623,0.8079818311764337,0.9999999999999947,0.0,188.91555899355723,7994.594164991629,4600.580188151843,-102310.86835648566
