Random Seed,p_off_off,p_off_on,p_on_off,p_on_on,pi0_on,pi0_off,mu_off,mu_on,noise,logL
602200967.0,0.8635629274646592,0.13643707253533993,0.19199697521503434,0.8080030247849659,0.9999999999999458,0.0,188.4328300872848,7993.849787532283,4600.584995697861,-102310.8275805927
