Random Seed,p_off_off,p_off_on,p_on_off,p_on_on,pi0_on,pi0_off,mu_off,mu_on,noise,logL
566387350.0,0.8635059248874206,0.13649407511257908,0.1921577571628196,0.8078422428371806,0.9999999999999911,0.0,188.53590331952577,7995.360009305612,4599.995614709359,-102310.79770515511
