Random Seed,p_off_off,p_off_on,p_on_off,p_on_on,pi0_on,pi0_off,mu_off,mu_on,noise,logL
243409686.0,0.0,1.0,0.014352525871500602,0.9856474741285001,1.000000000000056,0.0,46.68800019055238,3428.5673856402395,13490.626934582193,-109295.35396866784
