Random Seed,p_off_off,p_off_on,p_on_off,p_on_on,pi0_on,pi0_off,mu_off,mu_on,noise,logL
176147375.0,0.0,1.0,0.07658131524035286,0.923418684759648,0.9999999999998748,0.0,18438.932712029862,2105.4638081654894,16206.257337269439,-112123.32253106362
