Random Seed,p_off_off,p_off_on,p_on_off,p_on_on,pi0_on,pi0_off,mu_off,mu_on,noise,logL
880996434.0,0.8635952253715138,0.1364047746284857,0.1920119694351945,0.807988030564805,0.9999999999999911,0.0,188.90775008096625,7994.52558222713,4600.635379059725,-102310.86952491352
