Random Seed,p_off_off,p_off_on,p_on_off,p_on_on,pi0_on,pi0_off,mu_off,mu_on,noise,logL
101528035.0,0.8635102681044468,0.13648973189555405,0.19215574946602307,0.8078442505339766,1.0000000000000178,0.0,188.58150275975117,7995.389140101114,4600.019226012885,-102310.79932865698
