Random Seed,p_off_off,p_off_on,p_on_off,p_on_on,pi0_on,pi0_off,mu_off,mu_on,noise,logL
739306444.0,0.8636577091463455,0.13634229085365396,0.1918832524952613,0.8081167475047383,0.9999999999999467,0.0,188.7743935941746,7993.9955083624,4600.690251611995,-102309.82569924669
