Random Seed,p_off_off,p_off_on,p_on_off,p_on_on,pi0_on,pi0_off,mu_off,mu_on,noise,logL
778353053.0,0.0,1.0,0.07805939659278802,0.921940603407212,0.9999999999997033,0.0,18449.80766961976,2082.2464819239476,16176.120716298265,-112125.72026670704
