Random Seed,p_off_off,p_off_on,p_on_off,p_on_on,pi0_on,pi0_off,mu_off,mu_on,noise,logL
901949130.0,0.0,1.0,0.014377948521472745,0.9856220514785273,0.999999999999905,0.0,1017.5397410503102,3406.6641733705083,13589.926610334396,-109372.90407379673
