Random Seed,p_off_off,p_off_on,p_on_off,p_on_on,pi0_on,pi0_off,mu_off,mu_on,noise,logL
779845018.0,0.8635739055805045,0.13642609441949533,0.19174652067581083,0.8082534793241888,0.9999999999999494,0.0,186.97752103389698,7990.770406765485,4600.662234947358,-102310.10927622278
