Random Seed,p_off_off,p_off_on,p_on_off,p_on_on,pi0_on,pi0_off,mu_off,mu_on,noise,logL
882128110.0,0.863714647561919,0.13628535243808082,0.19170965370021845,0.8082903462997817,0.9999999999999956,0.0,188.30558954154222,7992.615881418696,4600.7968366960495,-102309.14211022652
