Random Seed,p_off_off,p_off_on,p_on_off,p_on_on,pi0_on,pi0_off,mu_off,mu_on,noise,logL
985930137.0,0.8636729069916794,0.13632709300832124,0.19201081300194,0.8079891869980594,0.9999999999999893,0.0,189.87141916087538,7995.603241147937,4600.907001891569,-102311.27348594992
