Random Seed,p_off_off,p_off_on,p_on_off,p_on_on,pi0_on,pi0_off,mu_off,mu_on,noise,logL
874780760.0,0.86351047493826,0.13648952506173995,0.19215244990069666,0.8078475500993029,1.0000000000000124,0.0,188.5663681961163,7995.355780183122,4600.01940384815,-102310.80410085533
