Random Seed,p_off_off,p_off_on,p_on_off,p_on_on,pi0_on,pi0_off,mu_off,mu_on,noise,logL
434128654.0,0.0,1.0,0.015563806784280251,0.9844361932157206,0.9999999999999769,0.0,3715.136298417369,3513.084740373618,13235.484388649655,-109130.34635285988
