Random Seed,p_off_off,p_off_on,p_on_off,p_on_on,pi0_on,pi0_off,mu_off,mu_on,noise,logL
228219584.0,0.863734913851439,0.13626508614856117,0.1918562546922715,0.8081437453077291,1.0000000000000506,0.0,189.5068106324949,7994.776033086493,4601.038245797072,-102310.1352421175
