Random Seed,p_off_off,p_off_on,p_on_off,p_on_on,pi0_on,pi0_off,mu_off,mu_on,noise,logL
244160281.0,0.8635456613339516,0.13645433866604914,0.19201144210460597,0.807988557895394,0.999999999999936,0.0,188.28039803572025,7993.825819312206,4600.4163471062975,-102310.86267798502
