Random Seed,p_off_off,p_off_on,p_on_off,p_on_on,pi0_on,pi0_off,mu_off,mu_on,noise,logL
694826350.0,0.932522120486968,0.0674778795130327,0.17645126948214696,0.823548730517853,0.9999999999999583,0.0,367.72862231351877,13647.403794328764,16387.29201786514,-113347.54346078755
