Random Seed,p_off_off,p_off_on,p_on_off,p_on_on,pi0_on,pi0_off,mu_off,mu_on,noise,logL
342832454.0,0.9440617159754979,0.05593828402450279,0.14951804157229767,0.8504819584277022,1.0000000000001856,0.0,581.8663360122456,13350.944017800726,32878.34881508748,-119547.49059901644
