Random Seed,p_off_off,p_off_on,p_on_off,p_on_on,pi0_on,pi0_off,mu_off,mu_on,noise,logL
358426117.0,0.9265875200118457,0.07341247998815513,1.0,0.0,0.9999999999999627,0.0,721.2500377997719,47811.6112301285,32723.431969117213,-119680.1544357848
