Random Seed,p_off_off,p_off_on,p_on_off,p_on_on,pi0_on,pi0_off,mu_off,mu_on,noise,logL
414590056.0,0.9260892899069559,0.07391071009304492,1.0,0.0,0.9999999999999147,0.0,714.8750095883071,47606.481222369235,32711.085660193567,-119680.20729374795
