Random Seed,p_off_off,p_off_on,p_on_off,p_on_on,pi0_on,pi0_off,mu_off,mu_on,noise,logL
323389087.0,0.9234796805036776,0.07652031949632261,1.0,0.0,1.0000000000000107,0.0,680.7215311264463,46583.160483831285,32643.730266203314,-119681.30777048634
