Random Seed,p_off_off,p_off_on,p_on_off,p_on_on,pi0_on,pi0_off,mu_off,mu_on,noise,logL
775369818.0,0.9440870872122445,0.055912912787754954,0.1495073605097283,0.8504926394902718,1.000000000000071,0.0,582.639052003606,13352.344428801332,32879.165106798995,-119547.54096171758
