Random Seed,p_off_off,p_off_on,p_on_off,p_on_on,pi0_on,pi0_off,mu_off,mu_on,noise,logL
287969658.0,0.9266537820446881,0.07334621795531149,1.0,0.0,0.9999999999999449,0.0,722.1534033476759,47838.06650431523,32724.931884143276,-119680.10778881209
