Random Seed,p_off_off,p_off_on,p_on_off,p_on_on,pi0_on,pi0_off,mu_off,mu_on,noise,logL
763603230.0,0.9288434801124064,0.07115651988759336,0.9964455897266465,0.003554410273353772,0.9999999999999618,0.0,749.4669704738842,48628.56064158593,32753.09010156407,-119682.4957031719
