Random Seed,p_off_off,p_off_on,p_on_off,p_on_on,pi0_on,pi0_off,mu_off,mu_on,noise,logL
936996470.0,0.9440701362532022,0.05592986374679844,0.1494637825661145,0.8505362174338853,0.9999999999999885,0.0,581.9187220056468,13349.014674744303,32878.85504956965,-119547.46961634496
