Random Seed,p_off_off,p_off_on,p_on_off,p_on_on,pi0_on,pi0_off,mu_off,mu_on,noise,logL
759276990.0,0.9240859365428344,0.07591406345716517,1.0,0.0,0.9999999999999076,0.0,688.9527800824953,46810.096639339085,32659.2236958726,-119680.97778274925
