Random Seed,p_off_off,p_off_on,p_on_off,p_on_on,pi0_on,pi0_off,mu_off,mu_on,noise,logL
764576158.0,0.94408563032768,0.0559143696723197,0.14948865945949313,0.8505113405405067,0.9999999999997771,0.0,582.5197857960982,13351.356514693502,32879.24021781079,-119547.53166213767
