Random Seed,p_off_off,p_off_on,p_on_off,p_on_on,pi0_on,pi0_off,mu_off,mu_on,noise,logL
854757176.0,0.9440875719182409,0.05591242808175902,0.14950489694091004,0.8504951030590904,0.9999999999999201,0.0,582.6425378473541,13352.274120763374,32879.186700284794,-119547.54200436249
