Random Seed,p_off_off,p_off_on,p_on_off,p_on_on,pi0_on,pi0_off,mu_off,mu_on,noise,logL
954466136.0,0.9225227008540625,0.07747729914593837,1.0,0.0,0.9999999999999423,0.0,667.5923750251628,46233.65844395191,32620.715354547716,-119682.12273830832
