Random Seed,p_off_off,p_off_on,p_on_off,p_on_on,pi0_on,pi0_off,mu_off,mu_on,noise,logL
623895105.0,0.941093080314044,0.058906919685956446,0.2525421473855418,0.7474578526144585,1.000000000000056,0.0,714.0466078232236,18037.40381533967,32698.07499918355,-119650.13911145423
