Random Seed,p_off_off,p_off_on,p_on_off,p_on_on,pi0_on,pi0_off,mu_off,mu_on,noise,logL
348866892.0,0.944264423045723,0.05573557695427776,0.15281871126276902,0.8471812887372312,0.9999999999998499,0.0,603.1615477399905,13512.700275885012,32870.374913289656,-119548.66316652858
