Random Seed,p_off_off,p_off_on,p_on_off,p_on_on,pi0_on,pi0_off,mu_off,mu_on,noise,logL
208831170.0,0.9442584560587309,0.05574154394126849,0.15278905413885782,0.8472109458611424,1.0000000000001386,0.0,602.834493080997,13510.880390549377,32870.322359819,-119548.65274666176
