Random Seed,p_off_off,p_off_on,p_on_off,p_on_on,pi0_on,pi0_off,mu_off,mu_on,noise,logL
453155677.0,0.8306807084644244,0.16931929153557582,0.044705403768388635,0.9552945962316121,1.000000000000095,0.0,13133.958849269618,960.2103996107556,49909.780624536514,-123461.4776598918
