Random Seed,p_off_off,p_off_on,p_on_off,p_on_on,pi0_on,pi0_off,mu_off,mu_on,noise,logL
770108177.0,0.9274666678061437,0.0725333321938569,1.0,0.0,1.0000000000000142,0.0,733.1131590167685,48171.68512798801,32744.71239337862,-119680.22304073472
