Random Seed,p_off_off,p_off_on,p_on_off,p_on_on,pi0_on,pi0_off,mu_off,mu_on,noise,logL
703806712.0,0.9295789071595322,0.07042109284046816,0.9926444504551215,0.007355549544878092,0.9999999999999742,0.0,757.7261672299702,48804.44374276754,32753.374618490543,-119684.13832939764
