Random Seed,p_off_off,p_off_on,p_on_off,p_on_on,pi0_on,pi0_off,mu_off,mu_on,noise,logL
379614531.0,0.9442732300916533,0.05572676990834699,0.15302263882342895,0.8469773611765711,1.000000000000007,0.0,604.394770042285,13522.360063525144,32870.05256833994,-119548.76454248503
