Random Seed,p_off_off,p_off_on,p_on_off,p_on_on,pi0_on,pi0_off,mu_off,mu_on,noise,logL
894005559.0,0.9279447965442348,0.07205520345576504,1.0,0.0,0.999999999999936,0.0,740.134111575222,48363.55842932433,32756.6150968058,-119680.33124967989
