Random Seed,p_off_off,p_off_on,p_on_off,p_on_on,pi0_on,pi0_off,mu_off,mu_on,noise,logL
106560132.0,0.9278115183134413,0.0721884816865585,1.0,0.0,1.000000000000079,0.0,738.1821827557006,48309.690698081555,32753.044737775504,-119680.30573417776
