Random Seed,p_off_off,p_off_on,p_on_off,p_on_on,pi0_on,pi0_off,mu_off,mu_on,noise,logL
48340813.0,0.9442684837399518,0.05573151626004836,0.15287865284681854,0.8471213471531813,0.9999999999997522,0.0,603.5647295473342,13515.623548111398,32870.339381605845,-119548.68047005651
