Random Seed,p_off_off,p_off_on,p_on_off,p_on_on,pi0_on,pi0_off,mu_off,mu_on,noise,logL
27688296.0,0.9440876400664343,0.05591235993356527,0.14951136069536525,0.8504886393046347,1.0000000000002949,0.0,582.6773723821273,13352.552889863173,32879.19352937766,-119547.5395609256
