Random Seed,p_off_off,p_off_on,p_on_off,p_on_on,pi0_on,pi0_off,mu_off,mu_on,noise,logL
229376133.0,0.9442708679811729,0.05572913201882707,0.15296213031976363,0.8470378696802362,0.9999999999998987,0.0,604.0413873170345,13519.534797799986,32870.07528107008,-119548.72998548548
