Random Seed,p_off_off,p_off_on,p_on_off,p_on_on,pi0_on,pi0_off,mu_off,mu_on,noise,logL
46024681.0,0.9442011592359423,0.05579884076405763,0.15282467604683286,0.8471753239531669,0.999999999999992,0.0,601.1392067567086,13508.253219467773,32868.269877975865,-119548.57384532619
