Random Seed,p_off_off,p_off_on,p_on_off,p_on_on,pi0_on,pi0_off,mu_off,mu_on,noise,logL
940041414.0,0.9247373438657881,0.0752626561342119,1.0,0.0,0.9999999999999734,0.0,697.5525148863368,47061.55452674739,32675.997441598825,-119680.68168955694
