Random Seed,p_off_off,p_off_on,p_on_off,p_on_on,pi0_on,pi0_off,mu_off,mu_on,noise,logL
647923606.0,0.9440801031282627,0.05591989687173785,0.14953020643182838,0.8504697935681715,1.0000000000000986,0.0,582.5219711739308,13352.832081376186,32878.880239298785,-119547.53178216508
