Random Seed,p_off_off,p_off_on,p_on_off,p_on_on,pi0_on,pi0_off,mu_off,mu_on,noise,logL
18882122.0,0.9440875712329417,0.055912428767058486,0.1495020328891559,0.8504979671108441,1.0000000000001608,0.0,582.6302830840692,13352.14467064236,32879.203016674815,-119547.54137953879
