Random Seed,p_off_off,p_off_on,p_on_off,p_on_on,pi0_on,pi0_off,mu_off,mu_on,noise,logL
690717097.0,0.9440898316032632,0.05591016839673731,0.1495837668444161,0.8504162331555836,1.0000000000000568,0.0,583.1318053258289,13355.82737099292,32878.865086709906,-119547.51610212064
