Random Seed,p_off_off,p_off_on,p_on_off,p_on_on,pi0_on,pi0_off,mu_off,mu_on,noise,logL
619569607.0,0.9440924897918899,0.05590751020811029,0.1495912753422289,0.8504087246577714,0.9999999999997726,0.0,583.2449725965445,13356.356773882782,32878.91428244479,-119547.51961778615
