Random Seed,p_off_off,p_off_on,p_on_off,p_on_on,pi0_on,pi0_off,mu_off,mu_on,noise,logL
284370914.0,0.0,1.0,0.044476192066694405,0.9555238079333064,0.9999999999998908,0.0,35059.23139892978,2382.728632955868,109584.16447059119,-130452.63769765868
