Random Seed,p_off_off,p_off_on,p_on_off,p_on_on,pi0_on,pi0_off,mu_off,mu_on,noise,logL
108807802.0,0.9440778162244435,0.05592218377555616,0.14939605131269193,0.8506039486873078,1.000000000000104,0.0,581.8729672598693,13346.544214707907,32879.39456709422,-119547.48543343027
