Random Seed,p_off_off,p_off_on,p_on_off,p_on_on,pi0_on,pi0_off,mu_off,mu_on,noise,logL
331036042.0,0.9440881585479917,0.055911841452007977,0.14953030560327213,0.850469694396728,1.0000000000001341,0.0,582.785334320173,13353.398473825728,32879.1560050555,-119547.52365147238
