Random Seed,p_off_off,p_off_on,p_on_off,p_on_on,pi0_on,pi0_off,mu_off,mu_on,noise,logL
188676484.0,0.9254278842541869,0.07457211574581231,1.0,0.0,1.0000000000000933,0.0,706.7706612895076,47331.76297918095,32694.55079741396,-119680.41587338236
