Random Seed,p_off_off,p_off_on,p_on_off,p_on_on,pi0_on,pi0_off,mu_off,mu_on,noise,logL
603667678.0,0.9440716184840103,0.05592838151598974,0.14941380212865588,0.8505861978713439,1.0000000000000435,0.0,581.73673788862,13346.917372243613,32879.141162572516,-119547.47107741627
