Random Seed,p_off_off,p_off_on,p_on_off,p_on_on,pi0_on,pi0_off,mu_off,mu_on,noise,logL
98419837.0,0.9440111383208796,0.055988861679120025,0.15292467317622907,0.8470753268237708,1.0000000000000684,0.0,595.5138428859901,13498.469678071498,32861.54421469285,-119548.25997597301
