Random Seed,p_off_off,p_off_on,p_on_off,p_on_on,pi0_on,pi0_off,mu_off,mu_on,noise,logL
131318992.0,0.9440856408452946,0.0559143591547063,0.1494826157678758,0.8505173842321243,0.9999999999998206,0.0,582.4916439390976,13351.092092274694,32879.284400531025,-119547.53093583019
