Random Seed,p_off_off,p_off_on,p_on_off,p_on_on,pi0_on,pi0_off,mu_off,mu_on,noise,logL
635315396.0,0.0,1.0,0.044216418056425344,0.9557835819435746,1.0000000000002194,0.0,35059.55594269628,2390.8041382894307,109466.03709065703,-130441.04282525415
