Random Seed,p_off_off,p_off_on,p_on_off,p_on_on,pi0_on,pi0_off,mu_off,mu_on,noise,logL
703489660.0,0.9252615621875435,0.07473843781245647,1.0,0.0,0.9999999999999982,0.0,704.6346267244414,47264.94467342778,32690.176749586142,-119680.47761270772
