Random Seed,p_off_off,p_off_on,p_on_off,p_on_on,pi0_on,pi0_off,mu_off,mu_on,noise,logL
636885909.0,0.9442677696445199,0.055732230355480125,0.1528726117933794,0.8471273882066203,0.9999999999998872,0.0,603.5189364341237,13515.290007788091,32870.33810472267,-119548.67517446144
