Random Seed,p_off_off,p_off_on,p_on_off,p_on_on,pi0_on,pi0_off,mu_off,mu_on,noise,logL
339368935.0,0.9245510008129211,0.07544899918707848,1.0,0.0,0.9999999999999325,0.0,695.0302560738329,46989.92313592367,32671.133151949503,-119680.79409181341
