Random Seed,p_off_off,p_off_on,p_on_off,p_on_on,pi0_on,pi0_off,mu_off,mu_on,noise,logL
491160455.0,0.9440773254557289,0.05592267454427075,0.1493916024177264,0.850608397582274,0.9999999999999964,0.0,581.8305039253758,13346.325018017267,32879.4080778598,-119547.48925526426
