Random Seed,p_off_off,p_off_on,p_on_off,p_on_on,pi0_on,pi0_off,mu_off,mu_on,noise,logL
935050758.0,0.9440859266002624,0.05591407339973686,0.14948393909250227,0.8505160609074977,0.9999999999997744,0.0,582.5092312012221,13351.164637851467,32879.28973617545,-119547.53111393261
