Random Seed,p_off_off,p_off_on,p_on_off,p_on_on,pi0_on,pi0_off,mu_off,mu_on,noise,logL
582216385.0,0.944271218936214,0.0557287810637855,0.15297117160450166,0.8470288283954983,1.000000000000198,0.0,604.0950326877359,13519.956888380446,32870.12743271041,-119548.74389262691
