Random Seed,p_off_off,p_off_on,p_on_off,p_on_on,pi0_on,pi0_off,mu_off,mu_on,noise,logL
881380752.0,0.9253875160775473,0.07461248392245208,1.0,0.0,1.000000000000103,0.0,706.249040154768,47315.59795303507,32693.457599539288,-119680.43237361322
