Random Seed,p_off_off,p_off_on,p_on_off,p_on_on,pi0_on,pi0_off,mu_off,mu_on,noise,logL
901903192.0,0.9440777870675201,0.05592221293247928,0.1493634018999502,0.8506365981000501,0.9999999999999254,0.0,581.7065791367626,13345.12549080506,32879.58142750801,-119547.47473444564
