Random Seed,p_off_off,p_off_on,p_on_off,p_on_on,pi0_on,pi0_off,mu_off,mu_on,noise,logL
887067638.0,0.9182380541994647,0.0817619458005345,1.0,0.0,0.9999999999999583,0.0,609.0972073683976,44756.84966646269,32537.163015677583,-119688.4793073982
