Random Seed,p_off_off,p_off_on,p_on_off,p_on_on,pi0_on,pi0_off,mu_off,mu_on,noise,logL
334707532.0,0.0,1.0,0.04590978914254208,0.9540902108574573,0.999999999999793,0.0,35010.24940319503,2340.5527658167553,109391.80448206591,-130439.02681964014
