Random Seed,p_off_off,p_off_on,p_on_off,p_on_on,pi0_on,pi0_off,mu_off,mu_on,noise,logL
756138448.0,0.9440910845256113,0.05590891547438896,0.14959127426467222,0.8504087257353282,0.9999999999998996,0.0,583.1987569680525,13356.260456042157,32878.860275665116,-119547.52025834663
