Random Seed,p_off_off,p_off_on,p_on_off,p_on_on,pi0_on,pi0_off,mu_off,mu_on,noise,logL
369405633.0,0.1807281389030154,0.819271861096985,0.02686762308420702,0.9731323769157934,0.9999999999998703,0.0,34163.19139335737,2708.375682544184,107339.91583524717,-130275.53712615483
