Random Seed,p_off_off,p_off_on,p_on_off,p_on_on,pi0_on,pi0_off,mu_off,mu_on,noise,logL
780160203.0,0.9327096726585743,0.06729032734142562,0.17632927515253694,0.8236707248474634,0.99999999999996,0.0,372.03660423519636,13655.656916072385,16390.699406733256,-113347.63349919616
