Random Seed,p_off_off,p_off_on,p_on_off,p_on_on,pi0_on,pi0_off,mu_off,mu_on,noise,logL
144472068.0,0.9327095279780923,0.06729047202190683,0.17632592051704907,0.8236740794829512,0.9999999999999707,0.0,372.0140478168392,13655.530235464857,16390.71316506393,-113347.63706991442
