Random Seed,p_off_off,p_off_on,p_on_off,p_on_on,pi0_on,pi0_off,mu_off,mu_on,noise,logL
997251632.0,0.9327251659020003,0.06727483409800047,0.17653749281851697,0.8234625071814828,1.0000000000000737,0.0,373.3879568680967,13664.676712906728,16390.324560628454,-113347.61945014774
