Random Seed,p_off_off,p_off_on,p_on_off,p_on_on,pi0_on,pi0_off,mu_off,mu_on,noise,logL
926161384.0,0.9327093825223082,0.0672906174776922,0.1763148787849787,0.8236851212150215,1.0000000000001448,0.0,371.9597533454373,13655.09286165256,16390.756814292698,-113347.6368516993
