Random Seed,p_off_off,p_off_on,p_on_off,p_on_on,pi0_on,pi0_off,mu_off,mu_on,noise,logL
276029321.0,0.9327043867561312,0.06729561324386923,0.18057674166436932,0.8194232583356303,0.9999999999998197,0.0,390.88366516656623,13817.531009637369,16382.98282260566,-113349.45753345006
