Random Seed,p_off_off,p_off_on,p_on_off,p_on_on,pi0_on,pi0_off,mu_off,mu_on,noise,logL
335460465.0,0.9327209806029483,0.06727901939705187,0.17640550453730627,0.8235944954626936,1.0000000000001243,0.0,372.65035784234504,13659.431533170917,16390.684834506672,-113347.66760617356
