Random Seed,p_off_off,p_off_on,p_on_off,p_on_on,pi0_on,pi0_off,mu_off,mu_on,noise,logL
862398477.0,0.9309720065388092,0.0690279934611901,0.1798218594055144,0.8201781405944857,1.000000000000048,0.0,345.17687179266704,13664.302531733292,16359.078626271328,-113347.79077030913
