Random Seed,p_off_off,p_off_on,p_on_off,p_on_on,pi0_on,pi0_off,mu_off,mu_on,noise,logL
200784113.0,0.9327122956345193,0.0672877043654801,0.17635127602762404,0.8236487239723761,1.0000000000000115,0.0,372.20485865489337,13656.67678434547,16390.67737838435,-113347.63146020229
