Random Seed,p_off_off,p_off_on,p_on_off,p_on_on,pi0_on,pi0_off,mu_off,mu_on,noise,logL
92045674.0,0.9327032094566946,0.0672967905433061,0.1805984672127235,0.8194015327872762,1.0000000000001021,0.0,390.94693611414095,13818.282511969706,16382.927335391161,-113349.47846478414
