Random Seed,p_off_off,p_off_on,p_on_off,p_on_on,pi0_on,pi0_off,mu_off,mu_on,noise,logL
222563912.0,0.9327198017398332,0.06728019826016639,0.17650430870333697,0.8234956912966631,1.0000000000000027,0.0,373.1014015320452,13663.05043922248,16390.36416650154,-113347.6116421475
