Random Seed,p_off_off,p_off_on,p_on_off,p_on_on,pi0_on,pi0_off,mu_off,mu_on,noise,logL
983690394.0,0.9327178664382095,0.0672821335617902,0.17646699124165025,0.8235330087583497,1.0000000000000702,0.0,372.8709864973036,13661.512082055266,16390.42371523746,-113347.61577654137
