Random Seed,p_off_off,p_off_on,p_on_off,p_on_on,pi0_on,pi0_off,mu_off,mu_on,noise,logL
859933174.0,0.9327081730815774,0.06729182691842216,0.17627527921991545,0.8237247207800844,1.0000000000000213,0.0,371.7394759540061,13653.568521761343,16390.813336529278,-113347.64902146021
