Random Seed,p_off_off,p_off_on,p_on_off,p_on_on,pi0_on,pi0_off,mu_off,mu_on,noise,logL
462489794.0,0.932720287890207,0.06727971210979357,0.1763721055998352,0.8236278944001649,0.9999999999999343,0.0,372.4726118547963,13658.125218139148,16390.771174754922,-113347.67506726077
