Random Seed,p_off_off,p_off_on,p_on_off,p_on_on,pi0_on,pi0_off,mu_off,mu_on,noise,logL
260633297.0,0.9327275886851193,0.06727241131488063,0.17649868900055846,0.8235013109994419,0.9999999999999742,0.0,373.2665175370555,13663.404101098196,16390.472206932536,-113347.6307417691
