Random Seed,p_off_off,p_off_on,p_on_off,p_on_on,pi0_on,pi0_off,mu_off,mu_on,noise,logL
307792176.0,0.9327128278502936,0.06728717214970595,0.18040857967337115,0.8195914203266291,0.9999999999998082,0.0,390.35843605834185,13811.692369047329,16383.289416038577,-113349.31024801212
