Random Seed,p_off_off,p_off_on,p_on_off,p_on_on,pi0_on,pi0_off,mu_off,mu_on,noise,logL
39183499.0,0.9327235883107448,0.06727641168925601,0.17652342016197972,0.8234765798380201,0.9999999999998375,0.0,373.2852941607934,13664.036559205182,16390.343395873617,-113347.61801925045
