Random Seed,p_off_off,p_off_on,p_on_off,p_on_on,pi0_on,pi0_off,mu_off,mu_on,noise,logL
678038630.0,0.9327203747950422,0.06727962520495837,0.17639265181403047,0.8236073481859695,0.9999999999999458,0.0,372.5758569021163,13658.910767821428,16390.71453021357,-113347.66987908393
