Random Seed,p_off_off,p_off_on,p_on_off,p_on_on,pi0_on,pi0_off,mu_off,mu_on,noise,logL
269407095.0,0.8781007267332372,0.12189927326676267,1.0,0.0,1.0000000000001181,0.0,442.33466072472794,32670.394460816613,16826.453332907327,-113999.31163198169
