Random Seed,p_off_off,p_off_on,p_on_off,p_on_on,pi0_on,pi0_off,mu_off,mu_on,noise,logL
175466403.0,0.9327252304226247,0.06727476957737481,0.17653269775323735,0.823467302246763,1.0000000000000497,0.0,373.3709076279169,13664.490901211973,16390.345656049965,-113347.61861739148
