Random Seed,p_off_off,p_off_on,p_on_off,p_on_on,pi0_on,pi0_off,mu_off,mu_on,noise,logL
941523427.0,0.9327162284065688,0.06728377159343049,0.17636790533387384,0.8236320946661263,0.9999999999999041,0.0,372.3857100039525,13657.56931873215,16390.69359142596,-113347.62816531844
