Random Seed,p_off_off,p_off_on,p_on_off,p_on_on,pi0_on,pi0_off,mu_off,mu_on,noise,logL
233895223.0,0.9327111875774845,0.06728881242251568,0.17635434041978512,0.823645659580215,1.0000000000001892,0.0,372.19070346722623,13656.715145891458,16390.650559299087,-113347.63003989626
