Random Seed,p_off_off,p_off_on,p_on_off,p_on_on,pi0_on,pi0_off,mu_off,mu_on,noise,logL
457108264.0,0.9329852378983035,0.06701476210169616,0.17752736905020022,0.8224726309497996,1.0000000000000124,0.0,384.676349870504,13720.452028394966,16393.49178876392,-113348.31010035155
