Random Seed,p_off_off,p_off_on,p_on_off,p_on_on,pi0_on,pi0_off,mu_off,mu_on,noise,logL
189996206.0,0.9329312429535831,0.06706875704641754,0.17616147726072548,0.8238385227392747,1.000000000000031,0.0,376.9372732550355,13664.85699494642,16394.982193110023,-113347.87497417966
