Random Seed,p_off_off,p_off_on,p_on_off,p_on_on,pi0_on,pi0_off,mu_off,mu_on,noise,logL
257494734.0,0.9327250268625069,0.06727497313749353,0.1765490999265337,0.8234509000734666,1.0000000000001474,0.0,373.4378532268861,13665.107668164586,16390.297580186925,-113347.61499554329
