Random Seed,p_off_off,p_off_on,p_on_off,p_on_on,pi0_on,pi0_off,mu_off,mu_on,noise,logL
85432176.0,0.9333746819684364,0.06662531803156395,0.17667465849523045,0.8233253415047699,0.9999999999998144,0.0,390.60840810038997,13716.109394091707,16402.442045732547,-113348.90802149924
