Random Seed,p_off_off,p_off_on,p_on_off,p_on_on,pi0_on,pi0_off,mu_off,mu_on,noise,logL
963456000.0,0.914861029765,0.0851389702354,0.875354906924,0.875354906924,1.0,0.0,231.649392395,10018.9581482,17142.7186506,-60449.4492842
