Random Seed,p_off_off,p_off_on,p_on_off,p_on_on,pi0_on,pi0_off,mu_off,mu_on,noise,logL
434667113.0,0.932722386639449,0.067277613360551,0.17651838710053502,0.8234816128994649,0.9999999999999076,0.0,373.2319933955305,13663.766608397016,16390.336853952555,-113347.61736917368
