Random Seed,p_off_off,p_off_on,p_on_off,p_on_on,pi0_on,pi0_off,mu_off,mu_on,noise,logL
483855617.0,0.9327227234911962,0.06727727650880456,0.17651220163049672,0.8234877983695035,1.0000000000000355,0.0,373.2087934131866,13663.563573275185,16390.35609329187,-113347.62099732511
