Random Seed,p_off_off,p_off_on,p_on_off,p_on_on,pi0_on,pi0_off,mu_off,mu_on,noise,logL
550047203.0,0.9327079947730352,0.06729200522696398,0.17630353762997214,0.8236964623700282,0.999999999999921,0.0,371.8712847767038,13654.617021746084,16390.72635598699,-113347.64876327703
