Random Seed,p_off_off,p_off_on,p_on_off,p_on_on,pi0_on,pi0_off,mu_off,mu_on,noise,logL
700103023.0,0.9327202657014567,0.06727973429854325,0.17649185987071403,0.8235081401292864,1.0000000000000693,0.0,373.06294935751396,13662.59097374491,16390.42557509053,-113347.59994594894
