Random Seed,p_off_off,p_off_on,p_on_off,p_on_on,pi0_on,pi0_off,mu_off,mu_on,noise,logL
532656906.0,0.8779512560995938,0.12204874390040546,1.0,0.0,1.0000000000000258,0.0,441.0668943201721,32645.84866050044,16823.517912051317,-113999.33090822496
