Random Seed,p_off_off,p_off_on,p_on_off,p_on_on,pi0_on,pi0_off,mu_off,mu_on,noise,logL
309618963.0,0.9327225069059355,0.06727749309406413,0.17643591653910712,0.8235640834608929,0.9999999999999218,0.0,372.82895433521657,13660.703847499599,16390.63291183371,-113347.65684251025
