Random Seed,p_off_off,p_off_on,p_on_off,p_on_on,pi0_on,pi0_off,mu_off,mu_on,noise,logL
366248104.0,0.0,1.0,0.0478335969618914,0.952166403038109,0.999999999999873,0.0,35273.37551836094,2269.0948553146795,106391.7522676624,-130179.76386752809
