Random Seed,p_off_off,p_off_on,p_on_off,p_on_on,pi0_on,pi0_off,mu_off,mu_on,noise,logL
337366303.0,0.9327123374525995,0.06728766254740012,0.1804149572031569,0.8195850427968432,0.9999999999998526,0.0,390.37222481736524,13811.913004827911,16383.274074112223,-113349.31637964644
