Random Seed,p_off_off,p_off_on,p_on_off,p_on_on,pi0_on,pi0_off,mu_off,mu_on,noise,logL
303457080.0,0.9327169551893912,0.06728304481060952,0.17650605909745587,0.8234939409025444,0.9999999999999902,0.0,373.04147409186004,13662.896761512346,16390.313945299848,-113347.60454641366
