Random Seed,p_off_off,p_off_on,p_on_off,p_on_on,pi0_on,pi0_off,mu_off,mu_on,noise,logL
480847756.0,0.9327239189744368,0.06727608102556243,0.17645055951741456,0.8235494404825852,0.9999999999998952,0.0,372.91309096036434,13661.427631123166,16390.592067449867,-113347.6662123231
