Random Seed,p_off_off,p_off_on,p_on_off,p_on_on,pi0_on,pi0_off,mu_off,mu_on,noise,logL
161758918.0,0.9301971716580827,0.06980282834191659,0.2051153311977215,0.7948846688022789,0.9999999999999094,0.0,424.65344797093854,14579.369280079662,16372.876909095703,-113389.69415929206
