Random Seed,p_off_off,p_off_on,p_on_off,p_on_on,pi0_on,pi0_off,mu_off,mu_on,noise,logL
68890079.0,0.9327223400856061,0.06727765991439447,0.17642297582636604,0.8235770241736338,0.9999999999999059,0.0,372.76584156422774,13660.198591999526,16390.663989848763,-113347.6628987714
