Random Seed,p_off_off,p_off_on,p_on_off,p_on_on,pi0_on,pi0_off,mu_off,mu_on,noise,logL
824112214.0,0.878015257559757,0.12198474244024364,1.0,0.0,0.9999999999999858,0.0,441.5894594828732,32656.54599841336,16824.817592630443,-113999.2882638561
