Random Seed,p_off_off,p_off_on,p_on_off,p_on_on,pi0_on,pi0_off,mu_off,mu_on,noise,logL
543860207.0,0.932724116250855,0.06727588374914548,0.1765437270844652,0.8234562729155345,1.0000000000000382,0.0,373.39131745298545,13664.83626758816,16390.289497502727,-113347.61667115163
