Random Seed,p_off_off,p_off_on,p_on_off,p_on_on,pi0_on,pi0_off,mu_off,mu_on,noise,logL
48691766.0,0.9348936508728847,0.06510634912711538,0.17222195849654462,0.8277780415034554,0.9999999999999893,0.0,394.311278990355,13682.912331730784,16369.027964656532,-112998.53206720116
