Random Seed,p_off_off,p_off_on,p_on_off,p_on_on,pi0_on,pi0_off,mu_off,mu_on,noise,logL
971000941.0,8.305007667397155e-31,1.0,0.9535687428433768,0.04643125715662281,0.9999999999999947,0.0,1244.5960619503094,8903.548916782624,26662.615290819136,-116136.42829035502
