Random Seed,p_off_off,p_off_on,p_on_off,p_on_on,pi0_on,pi0_off,mu_off,mu_on,noise,logL
183574805.0,0.9347355723257319,0.06526442767426809,0.17353179355868728,0.8264682064413128,1.0000000000000453,0.0,398.0882071181642,13717.403693311935,16362.306568924547,-112998.64652276757
