Random Seed,p_off_off,p_off_on,p_on_off,p_on_on,pi0_on,pi0_off,mu_off,mu_on,noise,logL
29501417.0,0.9349729780819759,0.06502702191802336,0.1717791173122152,0.8282208826877847,0.999999999999825,0.0,393.72615592097395,13672.88721992099,16371.755724432483,-112998.541396008
