Random Seed,p_off_off,p_off_on,p_on_off,p_on_on,pi0_on,pi0_off,mu_off,mu_on,noise,logL
604557996.0,0.9028679311105879,0.09713206888941223,0.9848346269610342,0.01516537303896619,1.0000000000000009,0.0,777.5735462186404,35963.08776361424,16541.773507314934,-113467.81005507153
