Random Seed,p_off_off,p_off_on,p_on_off,p_on_on,pi0_on,pi0_off,mu_off,mu_on,noise,logL
228705153.0,0.93494707835079,0.06505292164921049,0.17209232806596778,0.8279076719340319,1.000000000000024,0.0,395.05199324129734,13681.775974509945,16370.329449183828,-112998.44035843058
