Random Seed,p_off_off,p_off_on,p_on_off,p_on_on,pi0_on,pi0_off,mu_off,mu_on,noise,logL
329645346.0,0.9017281482410194,0.0982718517589806,0.9782429879132525,0.021757012086747775,1.0000000000000258,0.0,761.1778446343509,35543.676061725746,16508.94400955319,-113468.53312513002
