Random Seed,p_off_off,p_off_on,p_on_off,p_on_on,pi0_on,pi0_off,mu_off,mu_on,noise,logL
525829158.0,0.9020494095986169,0.0979505904013825,0.979961465076592,0.0200385349234081,1.0000000000001092,0.0,765.5858460505287,35658.96197493787,16517.51160892641,-113468.2638836176
