Random Seed,p_off_off,p_off_on,p_on_off,p_on_on,pi0_on,pi0_off,mu_off,mu_on,noise,logL
321436161.0,0.9349137998482704,0.06508620015172945,0.17225878821190346,0.8277412117880966,1.0000000000000693,0.0,395.15137305664206,13685.426940848925,16369.104332239469,-112998.50713754009
