Random Seed,p_off_off,p_off_on,p_on_off,p_on_on,pi0_on,pi0_off,mu_off,mu_on,noise,logL
423274624.0,0.9344807646453416,0.06551923535465805,0.17358445296102998,0.8264155470389696,0.9999999999998144,0.0,390.9625731051766,13703.130954862507,16358.877476971531,-112998.75962594985
