Random Seed,p_off_off,p_off_on,p_on_off,p_on_on,pi0_on,pi0_off,mu_off,mu_on,noise,logL
571063849.0,0.9344554491787636,0.065544550821236,0.17303016128000814,0.8269698387199916,0.9999999999998668,0.0,386.5614899121458,13682.86553141494,16360.459785742052,-112998.79637271128
