Random Seed,p_off_off,p_off_on,p_on_off,p_on_on,pi0_on,pi0_off,mu_off,mu_on,noise,logL
485763723.0,1.9002296872588624e-37,1.0,0.8958543267414599,0.10414567325854095,1.0000000000000284,0.0,2301.107151978815,9557.476128731076,27723.866766872845,-116550.94246986024
