Random Seed,p_off_off,p_off_on,p_on_off,p_on_on,pi0_on,pi0_off,mu_off,mu_on,noise,logL
603754357.0,0.8975157600519185,0.10248423994808065,0.9478402930024449,0.052159706997555025,1.0000000000000586,0.0,694.967875625211,33919.00259528048,16380.908411757786,-113474.56986828627
