Random Seed,p_off_off,p_off_on,p_on_off,p_on_on,pi0_on,pi0_off,mu_off,mu_on,noise,logL
389141744.0,0.9349548521809199,0.06504514781907955,0.1721472614324125,0.8278527385675875,0.9999999999998153,0.0,395.621504148032,13684.256123948708,16369.99230922152,-112998.53239971037
