Random Seed,p_off_off,p_off_on,p_on_off,p_on_on,pi0_on,pi0_off,mu_off,mu_on,noise,logL
55996360.0,0.9029026772053764,0.09709732279462388,0.9850342278246952,0.014965772175304573,1.0000000000000817,0.0,778.0396494166038,35976.29331550723,16542.791838599955,-113467.79340772201
