Random Seed,p_off_off,p_off_on,p_on_off,p_on_on,pi0_on,pi0_off,mu_off,mu_on,noise,logL
134313643.0,0.9000180226972263,0.09998197730277288,0.968784152345017,0.031215847654982663,0.9999999999999121,0.0,737.1668045930043,34936.72282266688,16464.181116895517,-113470.30559939709
