Random Seed,p_off_off,p_off_on,p_on_off,p_on_on,pi0_on,pi0_off,mu_off,mu_on,noise,logL
541341021.0,0.9349458992108158,0.06505410078918454,0.17206906515432446,0.8279309348456755,0.9999999999999103,0.0,394.8620546805093,13680.91599517259,16370.372650101232,-112998.45027858458
