Random Seed,p_off_off,p_off_on,p_on_off,p_on_on,pi0_on,pi0_off,mu_off,mu_on,noise,logL
524084370.0,0.9349760129803912,0.06502398701960922,0.17204620774949742,0.8279537922505023,0.9999999999999343,0.0,395.6009309046396,13682.039903615736,16370.813862484029,-112998.44740890626
