Random Seed,p_off_off,p_off_on,p_on_off,p_on_on,pi0_on,pi0_off,mu_off,mu_on,noise,logL
566230172.0,0.934936507434927,0.06506349256507375,0.1720616938538977,0.8279383061461026,0.9999999999999556,0.0,394.53099373811216,13680.093084129916,16370.277673698118,-112998.47017267189
