Random Seed,p_off_off,p_off_on,p_on_off,p_on_on,pi0_on,pi0_off,mu_off,mu_on,noise,logL
5196410.0,0.9349753701049804,0.06502462989501931,0.17297811697917734,0.8270218830208225,1.0000000000000178,0.0,401.48756618594246,13713.93726627364,16366.963872375363,-112998.67946383463
