Random Seed,p_off_off,p_off_on,p_on_off,p_on_on,pi0_on,pi0_off,mu_off,mu_on,noise,logL
581077746.0,0.03883258298231723,0.9611674170176829,0.9716547967862619,0.028345203213738044,0.9999999999999556,0.0,1510.4434747010866,9472.492398714336,26884.13438242286,-116242.94502440747
