Random Seed,p_off_off,p_off_on,p_on_off,p_on_on,pi0_on,pi0_off,mu_off,mu_on,noise,logL
239498671.0,0.9004004889295084,0.09959951107049092,0.9705881229927547,0.02941187700724536,1.0000000000000062,0.0,742.2050383683631,35064.46802957206,16472.398957642898,-113469.71035684043
