Random Seed,p_off_off,p_off_on,p_on_off,p_on_on,pi0_on,pi0_off,mu_off,mu_on,noise,logL
416062918.0,0.9349634333405398,0.06503656665946016,0.1731566400017822,0.826843359998218,0.9999999999999636,0.0,402.29913853247984,13719.147712498123,16366.36073948367,-112998.69325180275
