Random Seed,p_off_off,p_off_on,p_on_off,p_on_on,pi0_on,pi0_off,mu_off,mu_on,noise,logL
400432404.0,0.9349380981944799,0.06506190180551927,0.17210130847405908,0.8278986915259412,0.9999999999998854,0.0,394.84577867151575,13681.514834913156,16370.189789517555,-112998.44171173112
