Random Seed,p_off_off,p_off_on,p_on_off,p_on_on,pi0_on,pi0_off,mu_off,mu_on,noise,logL
929737788.0,0.9349552283663984,0.06504477163360166,0.17221275446111295,0.8277872455388869,0.9999999999997202,0.0,396.03451434263803,13686.59433377523,16369.69731719626,-112998.58197419031
