Random Seed,p_off_off,p_off_on,p_on_off,p_on_on,pi0_on,pi0_off,mu_off,mu_on,noise,logL
33489994.0,0.901898231087196,0.09810176891280356,0.9791547217196269,0.020845278280372675,0.9999999999999787,0.0,763.5004062488671,35604.69634399419,16513.484009078045,-113468.39165638034
