Random Seed,p_off_off,p_off_on,p_on_off,p_on_on,pi0_on,pi0_off,mu_off,mu_on,noise,logL
644407833.0,0.9328448813651528,0.06715511863484709,0.17677713737114892,0.8232228626288512,1.0000000000002247,0.0,364.9835278388933,13705.296773246224,16334.745521751904,-113000.124413395
