Random Seed,p_off_off,p_off_on,p_on_off,p_on_on,pi0_on,pi0_off,mu_off,mu_on,noise,logL
988647888.0,0.9347037310357234,0.06529626896427732,0.1726000291782239,0.8273999708217762,1.0000000000000915,0.0,391.11145206777996,13684.02085871942,16364.920575997248,-112998.74867692575
