Random Seed,p_off_off,p_off_on,p_on_off,p_on_on,pi0_on,pi0_off,mu_off,mu_on,noise,logL
911054205.0,0.9029920174925067,0.09700798250749375,0.9855891279162214,0.014410872083778808,0.9999999999999556,0.0,779.3285649204571,36010.70283121847,16545.491640072843,-113467.79633800896
