Random Seed,p_off_off,p_off_on,p_on_off,p_on_on,pi0_on,pi0_off,mu_off,mu_on,noise,logL
489821091.0,0.9347679914438178,0.06523200855618287,0.17259144117939854,0.827408558820601,1.0000000000000444,0.0,392.92931551815457,13687.860871504243,16365.66808984424,-112998.74667159621
