Random Seed,p_off_off,p_off_on,p_on_off,p_on_on,pi0_on,pi0_off,mu_off,mu_on,noise,logL
408636148.0,0.9348976956515611,0.06510230434843887,0.17328777247609575,0.826712227523904,0.9999999999999156,0.0,401.2497725765424,13719.44632129228,16365.105498547722,-112998.66789399055
