Random Seed,p_off_off,p_off_on,p_on_off,p_on_on,pi0_on,pi0_off,mu_off,mu_on,noise,logL
237153763.0,0.9022277996119413,0.09777220038805877,0.9873118918140552,0.012688108185945146,1.0000000000000364,0.0,771.4915503670936,35896.22858171278,16541.12268055774,-113467.65602943099
