Random Seed,p_off_off,p_off_on,p_on_off,p_on_on,pi0_on,pi0_off,mu_off,mu_on,noise,logL
623354551.0,0.896927002997095,0.10307299700290568,0.942589640541616,0.057410359458383756,1.0000000000000027,0.0,684.5429185098685,33679.29711969646,16360.669321009787,-113475.718094371
