Random Seed,p_off_off,p_off_on,p_on_off,p_on_on,pi0_on,pi0_off,mu_off,mu_on,noise,logL
744705441.0,0.9349015066019764,0.06509849339802298,0.17330650081554333,0.826693499184457,0.9999999999999591,0.0,401.4771094804302,13720.345990660682,16365.081565737226,-112998.68972501883
