Random Seed,p_off_off,p_off_on,p_on_off,p_on_on,pi0_on,pi0_off,mu_off,mu_on,noise,logL
545454904.0,0.8975180824499086,0.10248191755009063,0.9479032523979853,0.0520967476020147,0.9999999999999849,0.0,695.0217200937361,33921.169924101785,16381.04761388832,-113474.57280155741
