Random Seed,p_off_off,p_off_on,p_on_off,p_on_on,pi0_on,pi0_off,mu_off,mu_on,noise,logL
594417335.0,0.9349034366963813,0.06509656330361878,0.1731212434016694,0.8268787565983303,0.9999999999997806,0.0,400.29699588609213,13714.25439689489,16365.59942165965,-112998.66799603275
