Random Seed,p_off_off,p_off_on,p_on_off,p_on_on,pi0_on,pi0_off,mu_off,mu_on,noise,logL
65813906.0,0.9028554577883138,0.09714454221168653,0.9847680828240227,0.015231917175977643,1.000000000000031,0.0,777.4043799251102,35958.49592068238,16541.45218614687,-113467.81121917242
