Random Seed,p_off_off,p_off_on,p_on_off,p_on_on,pi0_on,pi0_off,mu_off,mu_on,noise,logL
129418733.0,0.9347331498009567,0.06526685019904367,0.1726600323479631,0.8273399676520372,1.0000000000001066,0.0,392.3530185599659,13687.988043930474,16365.01448480362,-112998.74769917123
