Random Seed,p_off_off,p_off_on,p_on_off,p_on_on,pi0_on,pi0_off,mu_off,mu_on,noise,logL
52306363.0,0.9349123681709762,0.06508763182902425,0.17224014964550102,0.8277598503544987,0.9999999999999183,0.0,394.9892984902545,13684.69750478285,16369.161298024339,-112998.51029868217
