Random Seed,p_off_off,p_off_on,p_on_off,p_on_on,pi0_on,pi0_off,mu_off,mu_on,noise,logL
716936624.0,0.8984242169815507,0.1015757830184494,0.955024777890598,0.04497522210940233,0.9999999999999458,0.0,710.4210944148775,34269.95606664414,16410.84987360185,-113473.43618533906
