Random Seed,p_off_off,p_off_on,p_on_off,p_on_on,pi0_on,pi0_off,mu_off,mu_on,noise,logL
923073724.0,0.9349140494271031,0.06508595057289782,0.1721038771494653,0.8278961228505346,1.0000000000001492,0.0,394.1517372528286,13680.079629747175,16369.881646446405,-112998.45564080613
