Random Seed,p_off_off,p_off_on,p_on_off,p_on_on,pi0_on,pi0_off,mu_off,mu_on,noise,logL
546864188.0,0.9347826676478652,0.06521733235213488,0.172456366618041,0.827543633381959,1.0000000000000941,0.0,392.54691340664175,13683.985814876309,16366.54245021534,-112998.65457461841
