Random Seed,p_off_off,p_off_on,p_on_off,p_on_on,pi0_on,pi0_off,mu_off,mu_on,noise,logL
103504732.0,0.9326067034060446,0.06739329659395583,0.1768303756643055,0.8231696243356943,1.000000000000174,0.0,358.34751414847403,13692.457728779576,16331.67668904735,-113000.38790769738
