Random Seed,p_off_off,p_off_on,p_on_off,p_on_on,pi0_on,pi0_off,mu_off,mu_on,noise,logL
878024084.0,0.9349760186748233,0.06502398132517744,0.17297384370202432,0.8270261562979756,0.9999999999999396,0.0,401.4792739236732,13713.83496102639,16366.986234385,-112998.67903865274
