Random Seed,p_off_off,p_off_on,p_on_off,p_on_on,pi0_on,pi0_off,mu_off,mu_on,noise,logL
662576965.0,6.239940162120187e-14,0.9999999999999378,0.9604071000265837,0.03959289997341545,0.9999999999997833,0.0,991.9489515425142,8694.882982543184,26460.57407908711,-116057.1430502015
