Random Seed,p_off_off,p_off_on,p_on_off,p_on_on,pi0_on,pi0_off,mu_off,mu_on,noise,logL
155135438.0,0.9347414042387872,0.06525859576121343,0.17254711926736643,0.8274528807326339,0.9999999999999707,0.0,391.8827809390807,13684.582649526707,16365.591932028781,-112998.7382668381
