Random Seed,p_off_off,p_off_on,p_on_off,p_on_on,pi0_on,pi0_off,mu_off,mu_on,noise,logL
179576774.0,0.8988683772270544,0.10113162277294586,0.9595682433332693,0.04043175666673084,0.999999999999889,0.0,718.5144114134263,34471.01158425194,16427.974179052635,-113472.61366027314
