Random Seed,p_off_off,p_off_on,p_on_off,p_on_on,pi0_on,pi0_off,mu_off,mu_on,noise,logL
572302720.0,0.9349378564817667,0.06506214351823227,0.1721147038249992,0.8278852961750012,0.9999999999999423,0.0,394.9263759948776,13681.95544220194,16370.138569865794,-112998.4400304957
