Random Seed,p_off_off,p_off_on,p_on_off,p_on_on,pi0_on,pi0_off,mu_off,mu_on,noise,logL
514660089.0,3.1803461516390875e-19,1.0,0.9603288949096883,0.039671105090311944,0.9999999999999734,0.0,995.1861378148045,8697.624829301483,26462.902629427383,-116058.06078543405
