Random Seed,p_off_off,p_off_on,p_on_off,p_on_on,pi0_on,pi0_off,mu_off,mu_on,noise,logL
733142649.0,0.9002021865839344,0.09979781341606539,0.9693336904733958,0.030666309526603833,1.0000000000001084,0.0,739.240421571871,34991.35057140046,16466.61825097329,-113469.88972905211
