Random Seed,p_off_off,p_off_on,p_on_off,p_on_on,pi0_on,pi0_off,mu_off,mu_on,noise,logL
737978298.0,0.8551603029501126,0.14483969704988764,0.20261570721854075,0.7973842927814588,0.9999999999999156,0.0,146.56972232747478,8004.112885975897,3058.799054259901,-98701.55546838195
