Random Seed,p_off_off,p_off_on,p_on_off,p_on_on,pi0_on,pi0_off,mu_off,mu_on,noise,logL
722230081.0,0.9327212878579948,0.06727871214200438,0.17636614983984364,0.8236338501601567,1.0000000000000435,0.0,372.4696546737203,13657.972031047377,16390.8084833789,-113347.67481712169
