Random Seed,p_off_off,p_off_on,p_on_off,p_on_on,pi0_on,pi0_off,mu_off,mu_on,noise,logL
925592382.0,0.9327198941827678,0.06728010581723216,0.17636980072055888,0.8236301992794414,0.9999999999999618,0.0,372.4531803534075,13658.005929135394,16390.779749841597,-113347.67203259523
