Random Seed,p_off_off,p_off_on,p_on_off,p_on_on,pi0_on,pi0_off,mu_off,mu_on,noise,logL
611247062.0,0.9327072097663196,0.06729279023368082,0.17627728118343441,0.8237227188165659,1.0000000000000462,0.0,371.72220389957903,13653.580807607166,16390.787098433546,-113347.6490655706
