Random Seed,p_off_off,p_off_on,p_on_off,p_on_on,pi0_on,pi0_off,mu_off,mu_on,noise,logL
727622614.0,0.9327129347951914,0.06728706520480857,0.17630707395189885,0.8236929260481011,0.9999999999999813,0.0,372.0030025093596,13655.077745289957,16390.81374962929,-113347.64991332755
