Random Seed,p_off_off,p_off_on,p_on_off,p_on_on,pi0_on,pi0_off,mu_off,mu_on,noise,logL
923485977.0,0.8846253479245014,0.11537465207549862,1.0,0.0,0.9999999999999778,0.0,492.9555044169585,33857.43906596157,16969.403767272957,-114005.68698444914
