Random Seed,p_off_off,p_off_on,p_on_off,p_on_on,pi0_on,pi0_off,mu_off,mu_on,noise,logL
48547978.0,0.9327030455475191,0.06729695445248016,0.1806011111338821,0.8193988888661177,1.0000000000000124,0.0,390.95509249605095,13818.369573108286,16382.925402041847,-113349.47993520465
