Random Seed,p_off_off,p_off_on,p_on_off,p_on_on,pi0_on,pi0_off,mu_off,mu_on,noise,logL
532497696.0,0.9327075520805603,0.06729244791943913,0.17629779093141218,0.8237022090685878,1.0000000000001377,0.0,371.8364561070154,13654.359516972556,16390.741806191047,-113347.63972469824
