Random Seed,p_off_off,p_off_on,p_on_off,p_on_on,pi0_on,pi0_off,mu_off,mu_on,noise,logL
205775746.0,0.9327254867141265,0.0672745132858732,0.17643315480567967,0.8235668451943207,0.9999999999999023,0.0,372.8827074118991,13660.832578455354,16390.676537063744,-113347.66480258494
