Random Seed,p_off_off,p_off_on,p_on_off,p_on_on,pi0_on,pi0_off,mu_off,mu_on,noise,logL
605562072.0,0.8780981327461513,0.12190186725384841,1.0,0.0,1.0000000000001643,0.0,442.3126611560552,32669.96957292364,16826.402007236982,-113999.31175182648
