Random Seed,p_off_off,p_off_on,p_on_off,p_on_on,pi0_on,pi0_off,mu_off,mu_on,noise,logL
234837335.0,0.9319616004877704,0.06803839951222983,0.18095436858135122,0.8190456314186491,0.9999999999999227,0.0,373.6748597189195,13779.268689134158,16367.376704051678,-113347.86475286694
